Capped/Uncapped,Winning Bid
Capped,57262886.59793814
Uncapped,9847058.823529411
